조사연도,기준연도,학교명,설립별,지역별,교외장학금 소계(원),교외장학금 국가,교외장학금 지방자치단체,교외장학금 사설및기타,교내장학금 소계(원),교내장학금 성적우수장학금,교내장학금 저소득층장학금,교내장학금 근로장학금,교내장학금 재난장학금,교내장학금 교직원장학금,교내장학금 기타장학금,총계(원)
2025,2024,ICT폴리텍대학,사립,경기,490000000,374375000,0,115625000,170275000,21250000,149025000,0,0,0,0,660275000
2025,2024,가야대학교(김해),사립,경남,4901859626,4807751626,2876000,91232000,1830030184,436969560,581204200,144317424,0,21948000,645591000,6731889810
2025,2024,가천대학교,사립,경기,47811100313,45910606313,61409560,1839084440,30032165525,6667868500,9851371080,1554329366,0,116302000,11842294579,77843265838
2025,2024,가톨릭관동대학교,사립,강원,16990736892,16176594266,539726606,274416020,4638075425,1326625650,914893269,333520963,0,122465000,1940570543,21628812317
2025,2024,가톨릭꽃동네대학교,사립,충북,1421164501,1297783541,1572960,121808000,577252914,119825500,102870500,106590979,0,0,247965935,1998417415
2025,2024,가톨릭대학교,사립,경기,18856570497,17886024287,55923750,914622460,9839046344,3995600200,2424326980,671637747,0,28339000,2719142417,28695616841
2025,2024,가톨릭상지대학교,사립,경북,5345082213,5257535213,14000000,73547000,1803452204,184301000,26691000,18171504,0,13084000,1561204700,7148534417
2025,2024,감리교신학대학교,사립,서울,2530256708,2410494708,0,119762000,356346362,135716200,40670000,58904762,0,6765400,114290000,2886603070
2025,2024,강남대학교,사립,경기,16322127342,16109316042,38809800,174001500,5878999571,2237495000,1946189837,296887324,0,82423000,1316004410,22201126913
2025,2024,강동대학교,사립,충북,10375138682,10290339482,38388360,46410840,2856275001,97315000,214737453,59979882,0,20850000,2463392666,13231413683
2025,2024,강릉영동대학교,사립,강원,6548523966,6333028966,148241000,67254000,2417278852,188681600,0,31920252,0,40139000,2156538000,8965802818
2025,2024,강서대학교,사립,서울,3674045637,3481755480,18954300,173335857,1928118730,258500750,606409850,165100464,0,16212000,881895666,5602164367
2025,2024,강원대학교,국공립,강원,44125528322,39134403214,2960098428,2031026680,13154528618,5487417813,2286402600,2415660708,0,0,2965047497,57280056940
2025,2024,강원도립대학교,국공립,강원,1295463800,1266491800,1872000,27100000,601163065,97750000,15837000,100634405,0,0,386941660,1896626865
2025,2024,거제대학교,사립,경남,3782212264,3749415704,1438560,31358000,1157886221,94099000,311667200,55329441,0,40850230,655940350,4940098485
2025,2024,건국대학교,사립,서울,52854161763,48692744708,608547450,3552869605,30218397510,9974437792,9202654517,1356221469,0,181559000,9503524732,83072559273
2025,2024,건양대학교,사립,충남,18200369286,17596012686,64527600,539829000,8421043408,5171816660,1518271500,217001056,0,37690000,1476264192,26621412694
2025,2024,건양사이버대학교,사립,대전,8265359122,8235644052,4522000,25193070,1629758712,222167000,12376500,41588032,0,4855000,1348772180,9895117834
2025,2024,경기과학기술대학교,사립,경기,12941300248,12717373998,109564250,114362000,3151336791,573710080,61622960,157220318,0,6434000,2352349433,16092637039
2025,2024,경기대학교,사립,경기,33838987010,33310345110,155598900,373043000,17972841635,6883513500,5454261200,786688958,0,78250000,4770127977,51811828645
2025,2024,경남과학기술대학교,국공립,경남,4515116612,4428775732,16175000,70165880,1126266370,585060590,102295800,213352960,0,0,225557020,5641382982
2025,2024,경남대학교,사립,경남,24050565491,23504388931,104770960,441405600,9830390779,3517346600,822379980,705888784,1406000,199778400,4583591015,33880956270
2025,2024,경남도립거창대학,국공립,경남,1728242520,1661598020,28000000,38644500,981733695,68700000,844743000,32430695,0,0,35860000,2709976215
2025,2024,경남도립남해대학,국공립,경남,1572743982,1503600982,0,69143000,829021598,34400000,109292000,40722698,0,0,644606900,2401765580
2025,2024,경남정보대학교,사립,부산,19800163199,19602123639,40433560,157606000,3448936413,502081200,51696600,251094724,0,26388000,2617675889,23249099612
2025,2024,경동대학교,사립,강원,18500310400,17844352020,464456380,191502000,12816779496,283430650,3458940646,31250000,0,30694000,9012464200,31317089896
2025,2024,경민대학교,사립,경기,14743753742,14509519052,36172700,198061990,3824246258,504581000,359940000,293742898,1000000,3240000,2661742360,18568000000
2025,2024,경복대학교,사립,경기,20203876959,20082115359,17036600,104725000,6240620022,543933000,2141185000,499450255,0,37135000,3018916767,26444496981
2025,2024,경북과학대학교,사립,경북,6827382582,6800971822,0,26410760,2136503283,177069330,32631700,10933889,0,78056000,1837812364,8963885865
2025,2024,경북대학교,국공립,대구,49703441739,46181847879,118742240,3402851620,15067042162,7463739500,3923838350,1682027812,0,0,1997436500,64770483901
2025,2024,경북도립대학교,국공립,경북,1633402278,1593666278,1936000,37800000,799584122,79700000,48760000,141622512,0,0,529501610,2432986400
2025,2024,경북보건대학교,사립,경북,4188307812,4124735812,3878000,59694000,1143133838,344821000,196338000,168187198,0,0,433787640,5331441650
2025,2024,경북전문대학교,사립,경북,9420291985,9176691735,197300250,46300000,2217069461,386598666,12040000,37169127,0,32134000,1749127668,11637361446
2025,2024,경상국립대학교,국공립,경남,36270716031,34997445291,178271830,1094998910,9235273842,5053272900,1015069792,1867755350,0,0,1299175800,45505989873
2025,2024,경성대학교,사립,부산,30090678120,29435088924,159287876,496301320,11889529089,4456155000,1924283160,582457629,1406000,36697000,4888530300,41980207209
2025,2024,경운대학교,사립,경북,14268879446,14070681946,120477500,77720000,10703462867,513217000,352983500,194110794,0,13797500,9629354073,24972342313
2025,2024,경인교육대학교,국공립,인천,3767506906,3567522906,91937000,108047000,2030454054,588763000,433488000,451181054,0,0,557022000,5797960960
2025,2024,경인여자대학교,사립,인천,10957535167,10924811807,2973360,29750000,2895796232,664258520,327026340,247783292,0,29737000,1626991080,13853331399
2025,2024,경일대학교,사립,경북,23209813786,23059562786,1900000,148351000,8168978889,2237959870,1659270670,240826199,0,30135000,4000787150,31378792675
2025,2024,경희대학교,사립,서울,52007840735,46494470493,680343680,4833026562,31822500582,9472724198,9027216325,1307355876,0,222696400,11792507783,83830341317
2025,2024,경희사이버대학교,사립,서울,13033631186,12993867186,0,39764000,5162376149,499214000,694976000,3588649,0,57297000,3907300500,18196007335
2025,2024,계명대학교,사립,대구,57308580429,56473631729,171638420,663310280,26418389738,10512828800,3726019220,1838433945,0,233271000,10107836773,83726970167
2025,2024,계명문화대학교,사립,대구,18184575728,18058607198,18948930,107019600,3952557161,296518900,80436600,309476449,0,11224000,3254901212,22137132889
2025,2024,계원예술대학교,사립,경기,7277773279,7217294989,8068100,52410190,2947303424,855805000,1320935100,382644024,0,0,387919300,10225076703
2025,2024,고려대학교,사립,서울,57913762640,46772629851,1313076670,9828056119,38885890739,7241425850,11461982940,4959616732,3000000,443411000,14776454217,96799653379
2025,2024,고려사이버대학교,사립,서울,8129696400,7996536100,3834000,129326300,2936901130,471436500,96631000,3090830,0,36458500,2329284300,11066597530
2025,2024,고신대학교,사립,부산,8753911760,8331220140,13158000,409533620,3310550032,1063692500,15907520,244777340,0,122855000,1863317672,12064461792
2025,2024,공주교육대학교,국공립,충남,2313770100,2283506100,9952000,20312000,987165970,351400000,97701000,226096970,0,0,311968000,3300936070
2025,2024,광신대학교,사립,광주,1681923608,1662823608,0,19100000,540545477,1066000,0,31972477,0,0,507507000,2222469085
2025,2024,광양보건대학교,사립,전남,2000000,0,0,2000000,341600000,700000,0,0,0,12720000,328180000,343600000
2025,2024,광운대학교,사립,서울,18139643700,17567636290,54731370,517276040,10009978578,2626285750,2600009810,1435328058,0,42513200,3305841760,28149622278
2025,2024,광주과학기술원,국공립,광주,885103872,580833872,3000000,301270000,4911975563,140080000,109180000,10622178,0,0,4652093385,5797079435
2025,2024,광주교육대학교,국공립,광주,4696594084,3852410444,786678500,57505140,921972172,211501500,70301000,322644672,0,0,317525000,5618566256
2025,2024,광주대학교,사립,광주,18307523792,18097430192,31897600,178196000,5962041171,816603166,225889133,183670108,0,77896000,4657982764,24269564963
2025,2024,광주보건대학교,사립,광주,10603644961,10491634811,0,112010150,1769923666,566048100,574422800,77542066,0,41133800,510776900,12373568627
2025,2024,광주여자대학교,사립,광주,11544783270,11341833990,26011000,176938280,3893317329,697138800,434139100,281252644,0,5502000,2475284785,15438100599
2025,2024,구미대학교,사립,경북,21948338570,21754409170,106799400,87130000,8194337260,223954330,9337330,520347050,0,16656000,7424042550,30142675830
2025,2024,국립강릉원주대학교,국공립,강원,17603996580,16896552400,180907800,526536380,5946012710,2687585670,1057343870,566613740,0,0,1634469430,23550009290
2025,2024,국립공주대학교,국공립,충남,25988750000,25592441960,128524440,267783600,8033229220,3724940800,1553881540,1148502080,0,0,1605904800,34021979220
2025,2024,국립군산대학교,국공립,전북,15532702874,14965754562,306746600,260201712,3789111441,1718644150,418539900,333717153,0,0,1318210238,19321814315
2025,2024,국립금오공과대학교,국공립,경북,13317135266,12402693866,169205190,745236210,2566422709,705384000,613689500,401227579,0,0,846121630,15883557975
2025,2024,국립목포대학교,국공립,전남,18279372134,17227567554,535835180,515969400,3540564846,1052468740,657273890,637847946,0,0,1192974270,21819936980
2025,2024,국립목포해양대학교,국공립,전남,5007759420,4518364270,46529600,442865550,1330082610,755223480,146160000,192455130,0,0,236244000,6337842030
2025,2024,국립부경대학교,국공립,부산,36239527529,34095095889,239771180,1904660460,9797731958,2956789440,2899458940,1786816348,0,0,2154667230,46037259487
2025,2024,국립순천대학교,국공립,전남,13116109480,12779798180,82310100,254001200,5739976263,1710118610,1240574000,1257569483,0,0,1531714170,18856085743
2025,2024,국립안동대학교,국공립,경북,16903073200,13388364400,3109873710,404835090,3137878860,1494244610,754272830,417106500,0,0,472254920,20040952060
2025,2024,국립창원대학교,국공립,경남,17648099746,16831840416,23683930,792575400,5388021679,1640211510,1459310050,1161043929,0,0,1127456190,23036121425
2025,2024,국립한국교통대학교,국공립,충북,19593509960,19277672460,183033500,132804000,5986526385,3728967300,276705000,1019240015,0,0,961614070,25580036345
2025,2024,국립한국해양대학교,국공립,부산,15267422485,13476824025,247979610,1542618850,3174161380,2021173280,675706600,243444340,0,0,233837160,18441583865
2025,2024,국립한밭대학교,국공립,대전,19011610062,18625875542,50393440,335341080,5802312070,2431337270,1069402370,1206889770,0,0,1094682660,24813922132
2025,2024,국민대학교,사립,서울,36557772452,34094462952,267910800,2195398700,20181950652,4980112700,5456537700,1694003454,0,82697000,7968599798,56739723104
2025,2024,국제대학교,사립,경기,8081297893,8000118493,1500000,79679400,1971425941,119450000,515375267,111634240,0,51368200,1173598234,10052723834
2025,2024,국제사이버대학교,사립,경기,6315037000,6315037000,0,0,1657911000,224553000,518547000,0,0,182556000,732255000,7972948000
2025,2024,군산간호대학교,사립,전북,3120818467,3097118467,0,23700000,850000000,190048250,269590333,23941416,0,0,366420001,3970818467
2025,2024,군장대학교,사립,전북,4889637106,4818816906,49820200,21000000,1601996454,51800000,41000000,4757654,0,95310000,1409128800,6491633560
2025,2024,극동대학교,사립,충북,7614903229,7545329509,9387720,60186000,3675174171,743724060,302127100,266284611,0,56994400,2306044000,11290077400
2025,2024,글로벌사이버대학교,사립,충남,3689393526,3672584526,0,16809000,1207096179,9765000,18144000,3811179,0,17640000,1157736000,4896489705
2025,2024,금강대학교,사립,충남,297551338,296551338,1000000,0,471295027,394129000,0,15317527,0,0,61848500,768846365
2025,2024,기독간호대학교,사립,광주,1559576665,1554576665,0,5000000,357268093,159540500,61293090,6040423,0,0,130394080,1916844758
2025,2024,김천대학교,사립,경북,7608656504,7503359544,4072960,101224000,3750852226,393207100,171124000,153552004,0,14520000,3018449122,11359508730
2025,2024,김포대학교,사립,경기,5254676814,5217616814,0,37060000,2205011850,104674000,360965250,19963100,0,12000000,1707409500,7459688664
2025,2024,김해대학교,사립,경남,6282047352,6123557352,27740000,130750000,1203082286,225068000,6930000,93354486,0,1250000,876479800,7485129638
2025,2024,나사렛대학교,사립,충남,14921351628,14787516628,625000,133210000,6243280497,2521173000,1535956170,246583827,0,52498000,1887069500,21164632125
2025,2024,나주대학교,사립,전남,77674430,72674430,0,5000000,3698325000,0,146786000,0,0,0,3551539000,3775999430
2025,2024,남부대학교,사립,광주,7668709093,7581719193,4316400,82673500,2732884007,622207400,235472800,22334651,0,0,1852869156,10401593100
2025,2024,남서울대학교,사립,충남,23780552006,23405763976,80640280,294147750,12556786623,4624941900,4729275850,321266323,0,109493000,2771809550,36337338629
2025,2024,농협대학교,사립,경기,754150036,734650036,4500000,15000000,346812639,159830000,76928000,15020639,0,0,95034000,1100962675
2025,2024,단국대학교,사립,경기,51178341924,49699361064,53190700,1425790160,24987706729,9973661422,6365690583,566930181,0,248422000,7833002543,76166048653
2025,2024,대경대학교,사립,경북,12294965249,12236151329,9459120,49354800,4242984664,114687270,0,111019774,0,25396200,3991881420,16537949913
2025,2024,대구가톨릭대학교,사립,경북,39112128564,38338613624,326340430,447174510,11832365668,1376048707,323009100,1620516827,0,438970000,8073821034,50944494232
2025,2024,대구경북과학기술원,국공립,대구,168843156,165843156,0,3000000,2332631669,12600000,52200000,94363169,0,0,2173468500,2501474825
2025,2024,대구공업대학교,사립,대구,5070658726,5054758726,0,15900000,1500307894,92105500,0,45466064,0,2900000,1359836330,6570966620
2025,2024,대구과학대학교,사립,대구,17286289527,17203950247,719280,81620000,5242200963,650016600,4599990,368800710,0,4133320,4214650343,22528490490
2025,2024,대구교육대학교,국공립,대구,2503890020,2334361020,21111000,148418000,1052309050,264122000,297186000,221515850,0,0,269485200,3556199070
2025,2024,대구대학교,사립,경북,53956263885,52816246055,355500530,784517300,14681744574,8009305768,491579060,1634989876,0,101466000,4444403870,68638008459
2025,2024,대구보건대학교,사립,대구,22668321272,22551242492,5431960,111646820,5269419616,1103824100,0,1025137230,0,85659150,3054799136,27937740888
2025,2024,대구사이버대학교,사립,경북,5515528900,5509528900,0,6000000,1094326955,121174100,17120000,11984560,0,18468000,925580295,6609855855
2025,2024,대구예술대학교,사립,경북,908102640,899602640,0,8500000,219254056,46094000,52752340,28621716,0,0,91786000,1127356696
2025,2024,대구한의대학교,사립,경북,22360355240,21875556810,210265440,274532990,9893543127,1073663980,76215600,441015291,527600,86408000,8215712656,32253898367
2025,2024,대덕대학교,사립,대전,5461348058,5441308558,0,20039500,1431799398,145457400,23403834,70166772,0,57624000,1135147392,6893147456
2025,2024,대동대학교,사립,부산,4370213420,4298206140,23307280,48700000,1364321891,499392500,79393000,39430191,0,14089500,732016700,5734535311
2025,2024,대림대학교,사립,경기,19555628401,19013566371,8167960,533894070,6690553563,1590472680,1627287550,707899533,0,187988700,2576905100,26246181964
2025,2024,대신대학교,사립,경북,2114827044,2094462044,0,20365000,771055071,0,88669000,34966071,0,6623000,640797000,2885882115
2025,2024,대원대학교,사립,충북,5606759899,5386382729,179572000,40805170,1721117697,284276500,245538330,37343467,0,8254500,1145704900,7327877596
2025,2024,대전가톨릭대학교,사립,세종,71680000,71680000,0,0,58360000,0,57760000,600000,0,0,0,130040000
2025,2024,대전과학기술대학교,사립,대전,10461003252,10318071772,5033480,137898000,2959729231,243287000,1152978500,78335558,0,35727000,1449401173,13420732483
2025,2024,대전대학교,사립,대전,22846050590,22546648410,10292480,289109700,9846150532,2363192000,2813879520,918119512,0,6348000,3744611500,32692201122
2025,2024,대전보건대학교,사립,대전,12284905791,12170481291,6082500,108342000,3435217150,1074424173,658772120,356464477,615000,25836970,1319104410,15720122941
2025,2024,대전신학대학교,사립,대전,314408836,300541336,0,13867500,54367164,8015000,1200000,6252164,0,0,38900000,368776000
2025,2024,대진대학교,사립,경기,19619821718,19501162718,5500000,113159000,9500661935,1318063000,3682485500,287305902,0,82670000,4130137533,29120483653
2025,2024,덕성여자대학교,사립,서울,11789984894,11320723064,90935150,378326680,5362042581,2462791840,940213720,198948427,0,0,1760088594,17152027475
2025,2024,동강대학교,사립,광주,7677857276,7632662716,7438560,37756000,1786276226,49454000,17274000,19393226,0,8388000,1691767000,9464133502
2025,2024,동국대학교,사립,서울,49225974804,45265065284,490609120,3470300400,26846876905,7059161900,3941697780,2677553709,346000,111687400,13056430116,76072851709
2025,2024,동남보건대학교,사립,경기,11862458497,11709529797,25384700,127544000,3873572713,1754457100,1019669000,112839723,0,34862200,951744690,15736031210
2025,2024,동덕여자대학교,사립,서울,15672690798,15234863918,63722980,374103900,8671752136,3941129500,2500121880,553218046,0,13722000,1663560710,24344442934
2025,2024,동명대학교,사립,부산,23895097096,23539611456,72800490,282685150,7571875209,1230989120,189277380,368934799,0,106210360,5676463550,31466972305
2025,2024,동서대학교,사립,부산,28739823805,28431345685,28103120,280375000,8645136306,3090912750,1497179750,550344942,1020900,50300850,3455377114,37384960111
2025,2024,동서울대학교,사립,경기,15918564731,15722615731,5199000,190750000,4253384871,1501700000,982720000,535287871,0,42060000,1191617000,20171949602
2025,2024,동신대학교,사립,전남,19376803616,19069134166,18616000,289053450,6078140564,208884000,5585600,300405024,1360500,76610000,5485295440,25454944180
2025,2024,동아대학교,사립,부산,48293344708,46883375814,375263224,1034705670,18055479432,7158474151,7700361360,830881029,0,161736367,2204026525,66348824140
2025,2024,동아방송예술대학교,사립,경기,9483521988,9329888098,34892000,118741890,2669259087,826746540,1219109000,97676947,0,7216000,518510600,12152781075
2025,2024,동아보건대학교,사립,전남,3523767102,3380494142,3072960,140200000,535259568,12450000,0,10871602,0,0,511937966,4059026670
2025,2024,동양대학교,사립,경북,10980205673,10637860573,250347700,91997400,4994503146,794890148,366653350,119418404,0,16515000,3697026244,15974708819
2025,2024,동양미래대학교,사립,서울,17754166199,17524703399,11082800,218380000,5864648000,1269522960,1325849538,1776882602,0,95033000,1397359900,23618814199
2025,2024,동원과학기술대학교,사립,경남,8560720501,8288003341,240817160,31900000,1917321317,101139200,115274000,75637267,0,72245000,1553025850,10478041818
2025,2024,동원대학교,사립,경기,10192292676,10153356676,10090000,28846000,2988894201,0,0,58039632,0,235824800,2695029769,13181186877
2025,2024,동의과학대학교,사립,부산,14983892025,14838371665,46383560,99136800,3452759773,269785795,20954600,98470885,0,10886000,3052662493,18436651798
2025,2024,동의대학교,사립,부산,39750187257,39235474287,281611630,233101340,18588261137,4961257000,6948457920,1529682190,0,200187500,4948676527,58338448394
2025,2024,두원공과대학교,사립,경기,6015092108,5945136108,0,69956000,1606529369,345855140,0,88362645,0,43462300,1128849284,7621621477
2025,2024,디지털서울문화예술대학교,사립,서울,4668423118,4668423118,0,0,1475031215,114430000,105620000,42990382,0,2988000,1209002833,6143454333
2025,2024,루터대학교,사립,경기,1314541100,1296392100,0,18149000,403952202,13545000,128875000,29222830,0,0,232309372,1718493302
2025,2024,마산대학교,사립,경남,15025219030,14849546910,5472120,170200000,4141289570,955403340,646356690,315516000,0,51545000,2172468540,19166508600
2025,2024,명지대학교,사립,경기,32294223771,31720726451,103691320,469806000,15577611789,3243899500,2372225000,1285414207,0,142282000,8533791082,47871835560
2025,2024,명지전문대학,사립,서울,20726667304,20547766854,35524700,143375750,5293756581,489305917,2119701633,846837218,0,123122530,1714789283,26020423885
2025,2024,목원대학교,사립,대전,21958951486,21661528206,91410280,206013000,8652754834,1857349010,2052689320,580808094,0,66191000,4095717410,30611706320
2025,2024,목포가톨릭대학교,사립,전남,1922615562,1711363562,2512000,208740000,384054318,299997790,30633330,3717798,0,0,49705400,2306669880
2025,2024,목포과학대학교,사립,전남,10603566745,10178811745,22300000,402455000,1628242587,76746960,192326685,248240073,0,70522000,1040406869,12231809332
2025,2024,문경대학교,사립,경북,3041369857,2325026457,23166800,693176600,566727075,244843488,186556099,39438711,0,0,95888777,3608096932
2025,2024,배재대학교,사립,대전,20634219572,20449379472,88869100,95971000,8455046601,1112039000,3718407940,414913461,0,92822000,3116864200,29089266173
2025,2024,배화여자대학교,사립,서울,6813443902,6720997822,2185080,90261000,1835745035,826746000,596024970,73918193,0,0,339055872,8649188937
2025,2024,백석대학교,사립,충남,33825655430,33507876352,28513520,289265558,12255639413,3602223400,4355165520,297008003,0,222958000,3778284490,46081294843
2025,2024,백석문화대학교,사립,충남,11877607329,11766461979,308000,110837350,2959556000,473483750,591662300,392223610,0,131839900,1370346440,14837163329
2025,2024,백제예술대학교,사립,전북,2237502626,2224052626,0,13450000,570183000,160638200,239368800,29700000,0,0,140476000,2807685626
2025,2024,부산가톨릭대학교,사립,부산,11874914532,11737791572,27894510,109228450,4200436034,1027221000,1047755000,326758134,0,47028000,1751673900,16075350566
2025,2024,부산경상대학교,사립,부산,7827514553,7821514553,0,6000000,1858016371,65626000,19268000,142345018,0,40007000,1590770353,9685530924
2025,2024,부산과학기술대학교,사립,부산,12627832049,12517137049,19505000,91190000,3802556429,227852250,68846400,69851484,0,14957900,3421048395,16430388478
2025,2024,부산교육대학교,국공립,부산,2781938080,2393823680,313015800,75098600,831984560,432506000,100890000,88132560,0,0,210456000,3613922640
2025,2024,부산대학교,국공립,부산,44539817443,40408511768,1070226550,3061079125,15594720897,5381286250,6702957920,1626520447,0,0,1883956280,60134538340
2025,2024,부산디지털대학교,사립,부산,4748632937,4722132937,0,26500000,687708991,21238000,28140000,4063391,0,0,634267600,5436341928
2025,2024,부산보건대학교,사립,부산,8797949805,8726625805,1194000,70130000,1759504057,276872300,7497900,76268307,0,10715500,1388150050,10557453862
2025,2024,부산여자대학교,사립,부산,6119475451,6051575451,0,67900000,1301600134,114909200,317933300,83891634,0,6308000,778558000,7421075585
2025,2024,부산예술대학교,사립,부산,2627534764,2595573014,0,31961750,511047351,26280000,4705000,25069951,0,2418150,452574250,3138582115
2025,2024,부산외국어대학교,사립,부산,16930437487,16509644227,84446060,336347200,6608690556,976197000,1613198820,579387351,0,48118000,3391789385,23539128043
2025,2024,부산장신대학교,사립,경남,577580162,564930162,2000000,10650000,151592978,29105500,918000,19632978,0,1513000,100423500,729173140
2025,2024,부천대학교,사립,경기,24041335953,23903596878,0,137739075,6459237395,1893665619,2021440375,667596341,0,23197400,1853337660,30500573348
2025,2024,사이버한국외국어대학교,사립,서울,7266134327,7246550327,3600000,15984000,2307334674,179352000,118648000,0,0,17280000,1992054674,9573469001
2025,2024,삼육대학교,사립,서울,15205331200,14612762452,245066990,347501758,6402953324,1185501600,1907919840,1380571633,0,240173500,1688786751,21608284524
2025,2024,삼육보건대학교,사립,서울,3180833818,3141795818,4769000,34269000,995977773,321327500,294695880,62087613,0,0,317866780,4176811591
2025,2024,상명대학교,사립,서울,29751502612,29168512412,8495600,574494600,14905165599,6392032226,3545390600,1197419296,0,32952000,3737371477,44656668211
2025,2024,상지대학교,사립,강원,14240379636,13285728486,596856920,357794230,6516113808,800820100,1689069050,124422398,0,126139000,3775663260,20756493444
2025,2024,서강대학교,사립,서울,15877690594,12706119956,170206740,3001363898,9862180374,1088833000,5114340200,2083382077,0,28072000,1547553097,25739870968
2025,2024,서경대학교,사립,서울,15161636885,15041799325,4219280,115618280,8733787121,1785889667,3333695400,997273414,0,15494400,2601434240,23895424006
2025,2024,서영대학교,사립,광주,16452176251,16366764251,6000000,79412000,2839216301,369677000,57848334,134960813,0,16924000,2259806154,19291392552
2025,2024,서울과학기술대학교,국공립,서울,20584055483,19368652341,113385920,1102017222,10621682489,2315752720,2075685510,1785713409,69997730,0,4374533120,31205737972
2025,2024,서울교육대학교,국공립,서울,1889468776,1721934776,6982000,160552000,775270879,222046000,156187000,173536679,0,0,223501200,2664739655
2025,2024,서울기독대학교,사립,서울,873844812,865272512,505500,8066800,1198379018,128716000,35070300,17742118,0,0,1016850600,2072223830
2025,2024,서울대학교,국공립,서울,37051445818,24052559368,236634390,12762252060,18213373378,189795000,4985516593,4128028143,0,0,8910033642,55264819196
2025,2024,서울디지털대학교,사립,서울,11738754400,11737467400,1287000,0,5632604350,663225300,202567200,0,0,49819500,4716992350,17371358750
2025,2024,서울사이버대학교,사립,서울,19279127730,19256855250,3611680,18660800,8387256483,812413500,91856700,0,0,12519000,7470467283,27666384213
2025,2024,서울시립대학교,국공립,서울,14451635908,12894619256,24260210,1532756442,5942789624,1396309000,1214705750,1755557584,0,0,1576217290,20394425532
2025,2024,서울신학대학교,사립,경기,8404748518,8305936518,0,98812000,2101139727,451204900,975205100,214556922,0,28294000,431878805,10505888245
2025,2024,서울여자간호대학교,사립,서울,1873306698,1853933698,0,19373000,816983714,250241400,280512067,32007447,0,0,254222800,2690290412
2025,2024,서울여자대학교,사립,서울,17327536832,16616956292,161154570,549425970,8200940984,1984781200,3548323980,587607565,0,37681000,2042547239,25528477816
2025,2024,서울예술대학교,사립,경기,8749679466,8563766716,16248000,169664750,3758406877,1018882000,1295883300,592600377,0,12448000,838593200,12508086343
2025,2024,서울장신대학교,사립,경기,1077824310,1046324310,0,31500000,483679325,118357500,71147000,81297025,0,19762000,193115800,1561503635
2025,2024,서울한영대학교,사립,서울,1977825128,1951052128,3527000,23246000,438925122,79912050,97999000,61069752,0,0,199944320,2416750250
2025,2024,서원대학교,사립,충북,21193945903,20740102888,184929180,268913835,9202355063,1648629067,526439640,663652783,0,78444800,6285188773,30396300966
2025,2024,서일대학교,사립,서울,15435629209,15276099329,10910880,148619000,5393230431,1966537367,1165332022,503848672,0,40668070,1716844300,20828859640
2025,2024,서정대학교,사립,경기,22083590348,22035640348,3650000,44300000,13982287857,234364010,8358000,611672117,0,10440000,13117453730,36065878205
2025,2024,선린대학교,사립,경북,6158739945,6131239945,0,27500000,1588087265,289728500,174319700,97075865,0,17056000,1009907200,7746827210
2025,2024,선문대학교,사립,충남,25784458890,24565289317,33212850,1185956723,10778579555,1345093173,2747928800,799313461,0,209467500,5676776621,36563038445
2025,2024,성결대학교,사립,경기,12948108195,12821131995,22081200,104895000,5730628394,3200925907,163273000,686646551,0,50162000,1629620936,18678736589
2025,2024,성공회대학교,사립,서울,6824113925,6734950645,36196230,52967050,2357840359,511680973,822488030,126446816,0,10543800,886680740,9181954284
2025,2024,성균관대학교,사립,서울,36488344506,31566702056,220301160,4701341290,28615497266,10486540530,8108184100,2068585976,0,0,7952186660,65103841772
2025,2024,성신여자대학교,사립,서울,21458442529,20603194379,247819750,607428400,13239199610,6313045000,3148177250,1044874128,0,7530000,2725573232,34697642139
2025,2024,성운대학교,사립,경북,5830063810,5814963810,0,15100000,1130021590,0,0,3583770,0,0,1126437820,6960085400
2025,2024,세경대학교,사립,강원,3134039753,2751639753,375400000,7000000,531361378,125870700,109124850,23836528,0,9328000,263201300,3665401131
2025,2024,세명대학교,사립,충북,19842678116,18430234736,1132842500,279600880,7292866199,2280315300,245832800,559409589,0,68637000,4138671510,27135544315
2025,2024,세종대학교,사립,서울,24444675195,23638646175,6432000,799597020,16642656625,2756072000,6605687700,1145081400,1450000,25291000,6109074525,41087331820
2025,2024,세종사이버대학교,사립,서울,16872055703,16853543703,9720000,8792000,4073805876,106270000,10600000,28017126,0,63520000,3865398750,20945861579
2025,2024,세한대학교,사립,전남,11108891226,10873957426,2800800,232133000,4580398378,320481580,2993323500,108378478,0,7059000,1151155820,15689289604
2025,2024,송곡대학교,사립,강원,1921727909,1885095409,22842500,13790000,620014497,149812800,23321018,63699506,0,6143000,377038173,2541742406
2025,2024,송원대학교,사립,광주,9065021748,8998284248,0,66737500,3845613403,284156750,0,111632423,0,141515000,3308309230,12910635151
2025,2024,송호대학교,사립,강원,2951127498,2804236498,88490000,58401000,591778575,125416850,3760000,47174085,0,9900000,405527640,3542906073
2025,2024,수성대학교,사립,대구,12398712384,12329601384,650000,68461000,3526762346,395694000,24878000,39822636,0,11935000,3054432710,15925474730
2025,2024,수원가톨릭대학교,사립,경기,345378050,188375550,1500000,155502500,496355700,31091700,0,0,0,0,465264000,841733750
2025,2024,수원과학대학교,사립,경기,6513821920,6422453920,1521000,89847000,2001645524,875879000,446417500,90419524,0,20921000,568008500,8515467444
2025,2024,수원대학교,사립,경기,19331408049,19062589249,6938800,261880000,12315450668,6937673000,2994113000,472548668,0,56048000,1855068000,31646858717
2025,2024,수원여자대학교,사립,경기,9331158100,9234750900,7500800,88906400,3070610646,390566333,1052513867,105879740,0,13006200,1508644506,12401768746
2025,2024,숙명여자대학교,사립,서울,23263956078,21027099188,347209750,1889647140,14002158546,5334208200,4000885400,1394495562,0,38948600,3233620784,37266114624
2025,2024,순복음총회신학교,사립,충북,449260000,449260000,0,0,96150000,5210000,0,0,0,0,90940000,545410000
2025,2024,순천제일대학교,사립,전남,8806059268,8676366268,54000000,75693000,1940496218,115386000,700000,84638218,0,24177000,1715595000,10746555486
2025,2024,순천향대학교,사립,충남,29226172844,28501380864,45130280,679661700,14732960900,5012264579,2667226000,639100421,502000,122970000,6290897900,43959133744
2025,2024,숭실대학교,사립,서울,31019298586,28208743304,404725960,2405829322,16275798666,3302664000,2245337000,1192383196,0,44839000,9490575470,47295097252
2025,2024,숭실사이버대학교,사립,서울,9473826237,9464162237,540000,9124000,4756964000,246188000,1034783000,0,0,160824000,3315169000,14230790237
2025,2024,숭의여자대학교,사립,서울,8274973346,8195808946,7414400,71750000,2640970857,932678140,623040854,472373679,0,0,612878184,10915944203
2025,2024,신구대학교,사립,경기,17590490905,17404202025,916880,185372000,5541764770,1164919600,1944395590,459983980,0,44654200,1927811400,23132255675
2025,2024,신라대학교,사립,부산,21358064760,21006608940,154302820,197153000,6328111578,1724374850,1101497880,388556205,0,55277050,3058405593,27686176338
2025,2024,신성대학교,사립,충남,8256042248,8010228488,6373760,239440000,2091593692,174577000,213396101,94863723,0,76392550,1532364318,10347635940
2025,2024,신안산대학교,사립,경기,5642383404,5510025054,44067700,88290650,3300582869,282676720,2582200,104792171,0,16414150,2894117628,8942966273
2025,2024,신한대학교,사립,경기,19024977542,18835101642,1000000,188875900,8374635653,2587420000,2145501786,369467167,0,135300000,3136946700,27399613195
2025,2024,아신대학교,사립,경기,1126555480,1075821480,0,50734000,329994010,58642000,1140000,110195010,0,0,160017000,1456549490
2025,2024,아주대학교,사립,경기,20681463048,20549030008,21930840,110502200,13199999269,5021436700,2202459850,1579490515,0,48296000,4348316204,33881462317
2025,2024,아주자동차대학교,사립,충남,948518750,894859750,44859000,8800000,809649280,197277750,193520000,62417030,0,6560000,349874500,1758168030
2025,2024,안동과학대학교,사립,경북,6364316945,6214318865,3011520,146986560,1842285148,448039700,15572000,52503648,0,29689000,1296480800,8206602093
2025,2024,안산대학교,사립,경기,13223919447,13099964247,48338000,75617200,3844408345,1112823200,754125750,40167818,0,21552300,1915739277,17068327792
2025,2024,안양대학교,사립,경기,12842691500,12709649900,9611000,123430600,5184351078,2135815563,1219359000,658367101,0,59853000,1110956414,18027042578
2025,2024,여주대학교,사립,경기,9401162137,8410410937,4848000,985903200,2147748584,525073200,438098700,18811384,0,36570500,1129194800,11548910721
2025,2024,연성대학교,사립,경기,17799876389,17429796259,56228750,313851380,5436298531,866094500,1454204500,442336931,0,13889000,2659773600,23236174920
2025,2024,연세대학교,사립,서울,55089473532,47776857337,477619260,6834996935,42396346920,14420732489,14509817368,3740788478,22000000,720854600,8982153985,97485820452
2025,2024,연암공과대학교,사립,경남,3258986148,3233148868,6637280,19200000,1168805384,485743000,327810000,45452084,0,4649000,305151300,4427791532
2025,2024,연암대학교,사립,충남,4585804438,4499365708,2719280,83719450,921269237,350245950,224234300,122990937,0,12319450,211478600,5507073675
2025,2024,영남대학교,사립,경북,62787619601,61109158741,374349340,1304111520,23796340362,11562559300,4203336300,628936605,0,218332600,7183175557,86583959963
2025,2024,영남신학대학교,사립,경북,1473272302,1462872302,0,10400000,342535328,12206000,150638000,29588828,0,0,150102500,1815807630
2025,2024,영남외국어대학,사립,경북,829686660,824686660,0,5000000,1523336000,63065000,12360000,0,0,0,1447911000,2353022660
2025,2024,영남이공대학교,사립,대구,19956442548,19756351142,19208420,180882986,6078355482,425183000,0,328912022,0,33571000,5290689460,26034798030
2025,2024,영산대학교(해운대),사립,부산,16263661218,16014046778,144412780,105201660,6900551072,436345230,2357902700,78973262,100000,146714000,3880515880,23164212290
2025,2024,영산선학대학교,사립,전남,28008000,0,0,28008000,39000000,0,0,0,0,0,39000000,67008000
2025,2024,영진사이버대학교,사립,대구,6488241824,6483709400,1779400,2753024,972344226,164972900,46757700,0,0,12539000,748074626,7460586050
2025,2024,영진전문대학교,사립,대구,25454753302,25234564742,1438560,218750000,6243110078,1365076790,235784500,299316518,0,61019810,4281912460,31697863380
2025,2024,예수대학교,사립,전북,1472696632,1430386632,0,42310000,378203043,193201000,125057000,13229043,0,6954000,39762000,1850899675
2025,2024,예원예술대학교,사립,전북,2203213784,2182688384,0,20525400,1533813736,220876000,116419000,18526736,0,8340000,1169652000,3737027520
2025,2024,오산대학교,사립,경기,11746674844,11609267544,5800800,131606500,3506533359,2140493760,5196000,60348989,0,115459950,1185034660,15253208203
2025,2024,용인대학교,사립,경기,16037277208,15611424928,91954280,333898000,5535916302,1770986000,1308202800,159425752,0,78631000,2218670750,21573193510
2025,2024,용인예술과학대학교,사립,경기,6839967982,6755039702,41112280,43816000,2024328393,703690000,0,37250893,0,117644000,1165743500,8864296375
2025,2024,우석대학교,사립,전북,20110128373,19866566053,52962040,190600280,6747669569,1020778640,608034820,189793134,1271000,107495800,4820296175,26857797942
2025,2024,우송대학교,사립,대전,27643069315,27296569575,141065220,205434520,14145692467,6550779970,759642540,4594911607,0,15437720,2224920630,41788761782
2025,2024,우송정보대학,사립,대전,11215494293,11134364033,7238360,73891900,2463964298,231313650,0,227903928,0,0,2004746720,13679458591
2025,2024,울산과학기술원,국공립,울산,4706999842,2931286542,879980300,895733000,8021147453,5003098000,52552000,39723853,0,0,2925773600,12728147295
2025,2024,울산과학대학교,사립,울산,12970074712,12601653312,20816400,347605000,3675518655,914949000,906028300,211789265,0,23408000,1619344090,16645593367
2025,2024,울산대학교,사립,울산,28379711694,24623040014,373575580,3383096100,8022044682,3024883100,2014114670,1040370736,0,139672000,1803004176,36401756376
2025,2024,웅지세무대학교,사립,경기,439063320,439063320,0,0,508568000,0,64050000,0,0,0,444518000,947631320
2025,2024,원광대학교,사립,전북,36405453108,35118756883,357732700,928963525,13957716994,2970408834,3763668901,328721613,0,178300084,6716617562,50363170102
2025,2024,원광디지털대학교,사립,전북,8402333560,8402333560,0,0,2464262180,159288000,265876000,4203930,0,42768000,1992126250,10866595740
2025,2024,원광보건대학교,사립,전북,13632009323,13504370623,22312700,105326000,3583000424,643484250,182927175,132531184,6000000,51855000,2566202815,17215009747
2025,2024,위덕대학교,사립,경북,7284164637,7112479637,124666000,47019000,3001470964,545829684,8323000,47465327,0,54745000,2345107953,10285635601
2025,2024,유원대학교,사립,충북,11426992128,11377984128,8000000,41008000,13979868160,1272665500,18140000,158522980,0,53320000,12477219680,25406860288
2025,2024,유한대학교,사립,경기,12597026961,12256710811,9286900,331029250,3399369475,1551545000,1127750200,422762325,2200000,5522000,289589950,15996396436
2025,2024,을지대학교,사립,대전,11942148044,11612466294,96351980,233329770,6827720285,1865501800,3674104300,302420625,0,4568000,981125560,18769868329
2025,2024,이화여자대학교,사립,서울,31631254334,26977766814,458065860,4195421660,25185521597,7494372780,11857231326,692841931,0,99960000,5041115560,56816775931
2025,2024,인덕대학교,사립,서울,16559695547,16310618817,55713560,193363170,4054562858,1068406900,2024428170,327709408,0,86573000,547445380,20614258405
2025,2024,인제대학교,사립,경남,22167656114,21325634794,83518700,758502620,7647431651,1568717300,2389231600,599380641,368300,70966500,3018767310,29815087765
2025,2024,인천가톨릭대학교,사립,인천,1898303738,1738497038,932000,158874700,869615947,291518000,82640000,38894997,0,0,456562950,2767919685
2025,2024,인천대학교,국공립,인천,27133556919,26412216855,90761360,630578704,10306936159,4004048894,2218828667,2118764468,0,0,1965294130,37440493078
2025,2024,인하공업전문대학,사립,인천,20912439144,20747832724,36391420,128215000,8070340152,1395527000,1412476380,1289669572,0,7580000,3965087200,28982779296
2025,2024,인하대학교,사립,인천,41752065289,38886988719,487166010,2377910560,19607004070,6488635080,4527459000,3195961725,0,139170000,5255778265,61359069359
2025,2024,장로회신학대학교,사립,서울,2297892548,2089279948,0,208612600,493758357,175463800,92948000,104348057,0,0,120998500,2791650905
2025,2024,장안대학교,사립,경기,3745561260,3721044860,2816400,21700000,1628862460,323949000,71329000,40604500,800000,0,1192179960,5374423720
2025,2024,재능대학교,사립,인천,9339019418,9274732798,2788400,61498220,2994968727,538948400,783733389,75391940,0,26259200,1570635798,12333988145
2025,2024,전남과학대학교,사립,전남,11452771573,11335171573,0,117600000,1805132514,78880000,151970000,101606314,0,18068000,1454608200,13257904087
2025,2024,전남대학교,국공립,광주,42959832624,40427465968,279047600,2253319056,15456686778,6209743930,3251468320,1026794758,0,0,4968679770,58416519402
2025,2024,전남도립대학교,국공립,전남,1536333612,1482233612,17700000,36400000,571707793,124300000,0,16607793,0,0,430800000,2108041405
2025,2024,전북과학대학교,사립,전북,6237368609,6198568609,0,38800000,1221891289,143743000,62387000,59019699,0,27401000,929340590,7459259898
2025,2024,전북대학교,국공립,전북,41151265645,39185682710,366525330,1599057605,12526666778,4718681000,4422018640,1406002728,0,0,1979964410,53677932423
2025,2024,전주교육대학교,국공립,전북,1229976435,1221073435,5187000,3716000,437198410,237504000,81263000,19179410,0,0,99252000,1667174845
2025,2024,전주기전대학,사립,전북,7004777412,6992677412,0,12100000,2942550058,71162000,0,147203578,0,42820000,2681364480,9947327470
2025,2024,전주대학교,사립,전북,33877360015,32208647253,849948410,818764352,10240274257,1314771500,3266757886,1155695017,450100,35466600,4467133154,44117634272
2025,2024,전주비전대학교,사립,전북,10381190940,10174315290,0,206875650,2272250035,206274100,0,57107505,0,51736500,1957131930,12653440975
2025,2024,제주관광대학교,사립,제주,5160210759,5077704759,0,82506000,778564983,105330520,0,51591923,0,13026500,608616040,5938775742
2025,2024,제주국제대학교,사립,제주,151742036,121006036,0,30736000,677758524,58126000,46800000,11601174,0,0,561231350,829500560
2025,2024,제주대학교,국공립,제주,21419353889,20280733019,182779500,955841370,5758421817,1902086500,1641875970,1147669587,0,0,1066789760,27177775706
2025,2024,제주한라대학교,사립,제주,11156290840,11033947840,2000000,120343000,2129406315,403609670,9040000,156492055,0,54033200,1506231390,13285697155
2025,2024,조선간호대학교,사립,광주,1876627568,1842357568,7270000,27000000,424830202,193827860,163106500,1686842,0,0,66209000,2301457770
2025,2024,조선대학교,사립,광주,50996516238,48480234460,23646400,2492635378,16274754882,5927370300,4562616600,460441146,3511970,128411800,5192403066,67271271120
2025,2024,조선이공대학교,사립,광주,8134448350,8099033350,0,35415000,2151078608,46915500,4448166,67479630,0,7177000,2025058312,10285526958
2025,2024,중부대학교,사립,충남,20029727040,19930365280,3027760,96334000,9437833805,2223645000,1929028500,1333757305,0,58671000,3892732000,29467560845
2025,2024,중앙대학교,사립,서울,49807183536,45332366376,333034380,4141782780,32342033389,7441316000,16965651150,1818535495,0,191079000,5925451744,82149216925
2025,2024,중앙승가대학교,사립,경기,238396400,64610000,0,173786400,17460000,7450000,0,0,0,0,10010000,255856400
2025,2024,중원대학교,사립,충북,9385727143,9087657303,214488980,83580860,9679653269,1105911600,0,86882359,0,6010000,8480849310,19065380412
2025,2024,진주교육대학교,국공립,경남,2356546782,2264500352,27144430,64902000,980554388,246849000,213963000,106052888,0,0,413689500,3337101170
2025,2024,진주보건대학교,사립,경남,8049577464,7967586344,7191120,74800000,1834837065,281832300,524531800,76895556,0,15855000,935722409,9884414529
2025,2024,차의과학대학교,사립,경기,6956000240,6872572060,7500000,75928180,2887909891,579445800,982830950,179805345,0,0,1145827796,9843910131
2025,2024,창신대학교,사립,경남,6592609466,5562085666,1365280,1029158520,1469459479,400898700,346325100,91969659,0,4323000,625943020,8062068945
2025,2024,창원문성대학교,사립,경남,2908267318,2868476318,12191000,27600000,597754477,216669660,0,30914177,0,0,350170640,3506021795
2025,2024,청강문화산업대학교,사립,경기,11124401946,10863559626,6733960,254108360,3432756605,755505400,1588439086,218113519,0,0,870698600,14557158551
2025,2024,청암대학교,사립,전남,6317097800,6211655050,23442750,82000000,1667620709,324175250,3900000,59074609,0,33121000,1247349850,7984718509
2025,2024,청운대학교,사립,충남,21294229530,21139346130,18432400,136451000,6801578713,1112027300,556910500,233314865,0,80044000,4819282048,28095808243
2025,2024,청주교육대학교,국공립,충북,1343319770,1131627380,51279000,160413390,606061044,202140000,174904000,71628044,0,0,157389000,1949380814
2025,2024,청주대학교,사립,충북,29390296416,28781701556,123710560,484884300,15102163099,6335451350,5619752140,241297779,0,165628000,2740033830,44492459515
2025,2024,초당대학교,사립,전남,8078384016,7664025152,1500000,412858864,3844999386,225598750,226529750,62004066,0,14745000,3316121820,11923383402
2025,2024,총신대학교,사립,서울,5061335328,4812856508,0,248478820,1292872021,296581800,548602000,260156721,0,10691000,176840500,6354207349
2025,2024,추계예술대학교,사립,서울,2609053978,2570709978,0,38344000,1178032702,617635500,398432000,30676702,0,0,131288500,3787086680
2025,2024,춘천교육대학교,국공립,강원,2252304446,2212622106,0,39682340,611701604,278952000,161415000,136438604,0,0,34896000,2864006050
2025,2024,춘해보건대학교,사립,울산,8327605957,8230953897,43638560,53013500,1678274048,607325000,463118500,108113448,0,8577000,491140100,10005880005
2025,2024,충남대학교,국공립,대전,31320493944,29669075804,125860660,1525557480,12318044490,5414783460,3272480930,1350913402,0,0,2279866698,43638538434
2025,2024,충남도립대학교,국공립,충남,2308591098,1846035098,441000000,21556000,1577055346,113200000,275452000,94677966,0,0,1093725380,3885646444
2025,2024,충북대학교,국공립,충북,27128610075,25880447156,179471399,1068691520,10932873205,4995693900,1271221000,2742466645,0,0,1923491660,38061483280
2025,2024,충북도립대학교,국공립,충북,1457366132,1330986642,87500000,38879490,461677151,96600000,0,47436851,0,0,317640300,1919043283
2025,2024,충북보건과학대학교,사립,충북,6705427856,6619029926,34079930,52318000,2234349083,312743834,95062400,83239795,0,13129800,1730173254,8939776939
2025,2024,충청대학교,사립,충북,8656171845,8370892085,156996760,128283000,2973490965,305147000,548498620,154233245,0,24260000,1941352100,11629662810
2025,2024,칼빈대학교,사립,경기,1021118032,960936432,0,60181600,1881268028,35580000,1500000,80508428,0,7280000,1756399600,2902386060
2025,2024,평택대학교,사립,경기,8656627880,8531670480,2900400,122057000,3685419640,1165548000,916409000,294788840,2060000,74408000,1232205800,12342047520
2025,2024,포항공과대학교,사립,경북,6247003653,4246467213,0,2000536440,4917524824,50915000,48472800,326433414,0,0,4491703610,11164528477
2025,2024,포항대학교,사립,경북,6139900569,5876548569,160552000,102800000,1253988318,140885750,1166800,83919684,0,5562000,1022454084,7393888887
2025,2024,한경국립대학교,국공립,경기,12136708544,11961298304,21135930,154274310,4182133576,1828648090,425393430,1057403086,0,0,870688970,16318842120
2025,2024,한국골프대학교,사립,강원,1763816300,1675296300,67872500,20647500,608533350,92283050,0,4750000,0,0,511500300,2372349650
2025,2024,한국공학대학교,사립,경기,17046218311,16775939556,24180500,246098255,9708986919,3088594850,1757221160,714424389,0,12135000,4136611520,26755205230
2025,2024,한국과학기술원,국공립,대전,5705689174,4791686714,4000000,910002460,22528775203,4488261632,505632740,276498930,0,0,17258381901,28234464377
2025,2024,한국관광대학교,사립,경기,3460539235,3430851935,6300800,23386500,1101684938,100851570,58765000,45339229,0,13400740,883328399,4562224173
2025,2024,한국교원대학교,국공립,충북,4443394147,4196024367,64971280,182398500,1907835503,322097450,499829900,929469653,0,0,156438500,6351229650
2025,2024,한국기술교육대학교,사립,충남,8948518544,8778099399,36252870,134166275,6588361519,2211004780,141044410,2131378924,0,19799500,2085133905,15536880063
2025,2024,한국농수산대학교,국공립,전북,174818800,174818800,0,0,0,0,0,0,0,0,0,174818800
2025,2024,한국방송통신대학교,국공립,서울,13269246004,13157412514,1557200,110276290,9612996225,4895996660,745391900,1273433365,0,0,2698174300,22882242229
2025,2024,한국복지대학교,국공립,경기,739582801,736923751,0,2659050,160893124,68100785,8950000,67344089,0,0,16498250,900475925
2025,2024,한국복지사이버대학교,사립,경북,3560665000,3560665000,0,0,1681566000,97140000,25830000,0,0,7560000,1551036000,5242231000
2025,2024,한국성서대학교,사립,서울,3263121172,3214307172,0,48814000,1111601057,239305000,56640000,301920887,0,15704000,498031170,4374722229
2025,2024,한국승강기대학교,사립,경남,2096638132,1971713132,118425000,6500000,515121018,62787000,155807800,11899048,0,0,284627170,2611759150
2025,2024,한국에너지공과대학교,국공립,전남,319950000,319950000,0,0,4056782500,0,0,0,0,0,4056782500,4376732500
2025,2024,한국열린사이버대학교,사립,서울,7800589120,7800589120,0,0,3411284490,183167600,110382600,0,0,89895000,3027839290,11211873610
2025,2024,한국영상대학교,사립,세종,9805959337,9728977337,6448000,70534000,2347320908,850247800,571373400,275005308,0,6300000,644394400,12153280245
2025,2024,한국예술종합학교,국공립,서울,3978393480,3450167480,18971000,509255000,1435149376,898694000,8717000,424268376,0,0,103470000,5413542856
2025,2024,한국외국어대학교,사립,서울,32895689525,29617559423,449685820,2828444282,15809883147,3118958600,7747728770,900345954,0,70101500,3972748323,48705572672
2025,2024,한국전통문화대학교,국공립,충남,770232300,751232300,0,19000000,1197458690,509827100,7500000,34478290,0,0,645653300,1967690990
2025,2024,한국체육대학교,국공립,서울,4246139834,4073762834,31907000,140470000,2250233069,1911735000,147812000,51686069,0,0,139000000,6496372903
2025,2024,한국침례신학대학교,사립,대전,4831068681,4301970899,0,529097782,488354271,83085600,119375300,88430271,0,8389800,189073300,5319422952
2025,2024,한국폴리텍 I 대학 서울강서캠퍼스,사립,서울,414520115,399040000,0,15480115,105044000,53621000,10982000,36700000,0,1247000,2494000,519564115
2025,2024,한국폴리텍 I 대학 서울정수캠퍼스,사립,서울,1189510811,1156485811,0,33025000,258688100,101007000,34666600,93710000,0,13717000,15587500,1448198911
2025,2024,한국폴리텍 I 대학 성남캠퍼스,사립,경기,528432340,500124340,1000000,27308000,124060000,68096000,8932000,44600000,0,0,2432000,652492340
2025,2024,한국폴리텍 I 대학 제주캠퍼스,사립,제주,61094000,58969000,0,2125000,8875000,5410000,1082000,760000,0,0,1623000,69969000
2025,2024,한국폴리텍 II 대학 남인천캠퍼스,사립,인천,60692000,44892000,0,15800000,14964000,11223000,1247000,0,0,0,2494000,75656000
2025,2024,한국폴리텍 II 대학 인천캠퍼스,사립,인천,1652626563,1586866563,0,65760000,330453500,160863000,35229000,91340000,0,11223000,31798500,1983080063
2025,2024,한국폴리텍 III 대학 강릉캠퍼스,사립,강원,137525750,131500750,0,6025000,26537000,14989500,5515500,3600000,0,0,2432000,164062750
2025,2024,한국폴리텍 III 대학 원주캠퍼스,사립,강원,127912000,109787000,0,18125000,18573000,7609000,4792000,4972000,0,0,1200000,146485000
2025,2024,한국폴리텍 III 대학 춘천캠퍼스,사립,강원,289233000,258508000,0,30725000,49424000,32832000,5648000,8512000,0,0,2432000,338657000
2025,2024,한국폴리텍 IV 대학 대전캠퍼스,사립,대전,793587450,769444000,3968450,20175000,177680000,70528000,13376000,80400000,0,4864000,8512000,971267450
2025,2024,한국폴리텍 IV 대학 아산캠퍼스,사립,충남,418099001,385824001,0,32275000,86314000,47424000,8216000,25810000,0,0,4864000,504413001
2025,2024,한국폴리텍 IV 대학 청주캠퍼스,사립,충북,728026000,712576000,0,15450000,157311000,51072000,9100000,88019000,0,2432000,6688000,885337000
2025,2024,한국폴리텍 IV 대학 충남캠퍼스,사립,충남,205910000,173120000,21640000,11150000,42950000,24886000,0,15900000,0,0,2164000,248860000
2025,2024,한국폴리텍 V 대학 광주캠퍼스,사립,광주,1043033667,1022858667,0,20175000,194492000,74176000,0,103900000,0,0,16416000,1237525667
2025,2024,한국폴리텍 V 대학 익산캠퍼스,사립,전북,92609000,89984000,0,2625000,22556000,17024000,1932000,3600000,0,0,0,115165000
2025,2024,한국폴리텍 V 대학 전남캠퍼스,사립,전남,189309000,166710000,0,22599000,29032000,19476000,6492000,900000,0,0,2164000,218341000
2025,2024,한국폴리텍 V 대학 전북캠퍼스,사립,전북,439513000,413138000,5000000,21375000,93230000,42938500,24607500,16400000,0,1160500,8123500,532743000
2025,2024,한국폴리텍 VI 대학 구미캠퍼스,사립,경북,727370001,708320001,0,19050000,139816000,44992000,36400000,41400000,0,0,17024000,867186001
2025,2024,한국폴리텍 VI 대학 대구캠퍼스,사립,대구,647306336,620565336,0,26741000,119836000,58368000,8512000,45660000,0,2432000,4864000,767142336
2025,2024,한국폴리텍 VI 대학 영남융합기술캠퍼스,사립,대구,208857000,184224000,0,24633000,49320000,26752000,7000000,12528000,0,0,3040000,258177000
2025,2024,한국폴리텍 VI 대학 영주캠퍼스,사립,경북,81658000,74658000,0,7000000,10940000,5410000,3320000,2210000,0,0,0,92598000
2025,2024,한국폴리텍 VII 대학 부산캠퍼스,사립,부산,965866947,946712667,0,19154280,181425640,62016000,50860000,61861640,0,2432000,4256000,1147292587
2025,2024,한국폴리텍 VII 대학 울산캠퍼스,사립,울산,740377000,672164000,13138000,55075000,166659333,58368000,15929333,83850000,0,0,8512000,907036333
2025,2024,한국폴리텍 VII 대학 창원캠퍼스,사립,경남,1914563560,1866412000,0,48151560,283648000,121600000,13376000,115840000,0,14592000,18240000,2198211560
2025,2024,한국폴리텍 특성화대학 로봇캠퍼스,사립,경북,234491000,230366000,0,4125000,36654000,24886000,1000000,6440000,0,3246000,1082000,271145000
2025,2024,한국폴리텍 특성화대학 바이오캠퍼스,사립,충남,410727500,396602500,0,14125000,85922500,40222500,4400000,30100000,0,5600000,5600000,496650000
2025,2024,한국폴리텍 특성화대학 반도체융합캠퍼스,사립,경기,379858000,364800000,3000000,12058000,93526000,54720000,1216000,10230000,0,1216000,26144000,473384000
2025,2024,한국폴리텍 특성화대학 항공캠퍼스,사립,경남,345464167,337264167,6000000,2200000,64089500,31637000,0,27017500,0,1217500,4217500,409553667
2025,2024,한국항공대학교,사립,경기,9413403662,8808557552,133123480,471722630,5831491513,1751131490,1434167170,778206463,0,13384000,1854602390,15244895175
2025,2024,한남대학교,사립,대전,33906709666,33531058226,132772290,242879150,12584442113,3640453680,3186449758,664154455,0,87437010,5005947210,46491151779
2025,2024,한동대학교,사립,경북,13329376338,12458784448,0,870591890,4369290980,883667750,975797037,1294945593,0,19579300,1195301300,17698667318
2025,2024,한라대학교,사립,강원,8622384005,8147438735,352967700,121977570,3729795557,1711045967,1580000,113218690,0,34579900,1869371000,12352179562
2025,2024,한림대학교,사립,강원,19261653612,18530356412,327192040,404105160,8435118957,3650301250,1543680475,694688552,0,0,2546448680,27696772569
2025,2024,한림성심대학교,사립,강원,7951802994,7856973494,27180000,67649500,2142092914,525812020,38170000,416256594,0,0,1161854300,10093895908
2025,2024,한서대학교,사립,충남,17481077834,17038944374,164062860,278070600,8351909084,2989731000,1428699000,386072584,0,34712000,3512694500,25832986918
2025,2024,한성대학교,사립,서울,17875636773,17623740073,65027700,186869000,8617194585,1681306160,914265300,1691183615,0,31193750,4299245760,26492831358
2025,2024,한세대학교,사립,경기,7089484466,6983797466,17193000,88494000,3322587524,771155000,1488449500,107832804,0,0,955150220,10412071990
2025,2024,한신대학교,사립,경기,13381114781,13186107981,10580800,184426000,5076339183,1786872999,1522053700,765993984,0,85715000,915703500,18457453964
2025,2024,한양대학교,사립,서울,60319686032,55528938642,760341980,4030405410,42645205962,6191848570,11978880331,2205176465,0,263274000,22006026596,1.02965E+11
2025,2024,한양사이버대학교,사립,서울,18584483830,18561503830,4780000,18200000,7549366990,398688000,38784000,0,0,17840000,7094054990,26133850820
2025,2024,한양여자대학교,사립,서울,18227436441,18039992181,9289600,178154660,5236060714,2110890016,1330223620,321484433,0,15694600,1457768045,23463497155
2025,2024,한영대학교,사립,전남,3301890624,3298890624,0,3000000,827592641,77872000,26400000,49457351,0,10726660,663136630,4129483265
2025,2024,한일장신대학교,사립,전북,2569428574,2484763574,0,84665000,1063096823,133072000,15080000,46231823,0,7420000,861293000,3632525397
2025,2024,협성대학교,사립,경기,9625317974,9528265624,8694350,88358000,3967229317,1191437160,1463215124,270893693,100000,19490000,1022093340,13592547291
2025,2024,혜전대학교,사립,충남,7766794668,7621661668,5633000,139500000,3272602859,126124750,542877665,193758709,0,23987000,2385854735,11039397527
2025,2024,호남대학교,사립,광주,19829897188,19582713788,56988900,190194500,6998767030,1204576000,587983300,429000967,0,84183600,4693023163,26828664218
2025,2024,호남신학대학교,사립,광주,1777863155,1754111855,0,23751300,496644168,184721950,900000,48955518,0,0,262066700,2274507323
2025,2024,호산대학교,사립,경북,5776315466,5702815466,0,73500000,2302010644,132428850,0,15874654,0,1902000,2151805140,8078326110
2025,2024,호서대학교,사립,충남,31515717287,31095695487,78664200,341357600,15989554895,4444722900,4015463900,1826879325,0,115905000,5586583770,47505272182
2025,2024,호원대학교,사립,전북,16248755366,16166702366,26195000,55858000,6173670424,791265900,41075000,253637274,0,130174600,4957517650,22422425790
2025,2024,홍익대학교,사립,서울,38701424750,37581681490,28205040,1091538220,37029589691,16904645640,9941625920,4803419483,0,85483600,5294415048,75731014441
2025,2024,화성의과학대학교,사립,경기,22347868,16847868,0,5500000,434636412,86130000,95700100,11281812,0,0,241524500,456984280
2025,2024,화신사이버대학교,사립,부산,5067608358,5067608358,0,0,629381262,0,194104500,2822442,0,47010000,385444320,5696989620
